,train_loss,train_accuracy,test_loss,test_accuracy,train_time,test_time
0,4.662568461864501,0.1083959398976982,3.1932707865526724,0.10837977707006369,221.25631594657898,51.70109415054321
1,2.693975373607157,0.11127317774936062,2.5395904544052805,0.10499601910828026,173.51555967330933,32.896034717559814
2,2.403793570635569,0.11241208439897699,2.429929541934068,0.11176353503184713,173.75365543365479,33.59238576889038
3,2.345617717489257,0.11337116368286446,2.3772401293371894,0.11902866242038217,174.5483021736145,37.43666315078735
